{
    "0.500": [
        [
            1.66810054e-07,
            6.55641849e-07,
            1.66810054e-06,
            8.25404185e-06,
            1.64689787e-05,
            4.94816809e-05,
            0.000115109485,
            0.000164689787,
            0.000825404185,
            0.00244843675,
            0.00359381366,
            0.00429866235,
            0.00464158883,
            0.00494816809,
            0.00514175183,
            0.00527499706,
            0.00814912747,
            0.0130817747,
            0.0164689787,
            0.0244843675,
            0.0464158883
        ],
        [
            0.0008640530940000001,
            0.0031511181500000003,
            0.006810245110000001,
            0.0191193842,
            0.025730019899999998,
            0.034626320599999996,
            0.0393258017,
            0.0407409082,
            0.045299151999999995,
            0.0503673889,
            0.0564000419,
            0.0631552439,
            0.066830454,
            0.0737841626,
            0.08088747319999999,
            0.0874295287,
            0.0737841626,
            0.0791898273,
            0.08088747319999999,
            0.08088747319999999,
            0.0814614045
        ]
    ],
    "0.100": [
        [
            1.66810054e-06,
            8.25404185e-06,
            3.37114768e-05,
            0.000115109485,
            0.000166810054,
            0.000247995868,
            0.000332829814,
            0.00041368204,
            0.000501187234,
            0.000655641849,
            0.000814912747,
            0.00130817747,
            0.00247995868,
            0.00328599325,
            0.00488527357,
            0.00576914044,
            0.00622937455,
            0.00655641849,
            0.00902725178,
            0.0115109485,
            0.0162596469,
            0.0194486244,
            0.0226754313,
            0.0292864456,
            0.0398107171,
            0.0494816809,
            0.0584341413
        ],
        [
            0.0005613482119999999,
            0.0020184377200000003,
            0.00478224173,
            0.00795639762,
            0.00872237181,
            0.00969826309,
            0.0104826438,
            0.011014510500000001,
            0.0115733629,
            0.0120748937,
            0.012777571199999999,
            0.0142071733,
            0.0173174985,
            0.0200894603,
            0.0298485497,
            0.040168855499999996,
            0.0568002244,
            0.07430769279999999,
            0.0654278333,
            0.0803175856,
            0.07483493769999999,
            0.0775278112,
            0.07975171310000001,
            0.08088747319999999,
            0.07807790419999999,
            0.0775278112,
            0.0764392248
        ]
    ],
    "0.010": [
        [
            1.64689787e-06,
            4.94816809e-06,
            1.29154967e-05,
            4.88527357e-05,
            8.25404185e-05,
            0.000132501936,
            0.000324422608,
            0.00132501936,
            0.00244843675,
            0.00328599325,
            0.00494816809,
            0.00576914044,
            0.00630957344,
            0.00655641849,
            0.00717060097,
            0.0118092474,
            0.0164689787,
            0.027825594,
            0.0690063234
        ],
        [
            0.00014963238199999998,
            0.000362120935,
            0.000760797701,
            0.0018411841900000002,
            0.00246032701,
            0.00310687256,
            0.0046488874,
            0.00784467996,
            0.0107833407,
            0.0134258775,
            0.022179768599999997,
            0.0307047617,
            0.0410299824,
            0.0568002244,
            0.0697265468,
            0.0791898273,
            0.07071953660000001,
            0.07430769279999999,
            0.0814614045
        ]
    ],
    "0.001": [
        [
            1.66810054e-06,
            3.32829814e-06,
            1.32501936e-05,
            3.32829814e-05,
            0.000132501936,
            0.000332829814,
            0.00132501936,
            0.0019699012,
            0.00328599325,
            0.00494816809,
            0.0059948425,
            0.00647308204,
            0.00672632392,
            0.00707945784
        ],
        [
            0.000123628537,
            0.00022389849600000001,
            0.00063753434,
            0.00122180254,
            0.0026971863400000002,
            0.00412238371,
            0.00720655554,
            0.00878426078,
            0.0126875477,
            0.0212585317,
            0.0363831851,
            0.0500125286,
            0.0645091456,
            0.07975171310000001
        ]
    ]
}